"Site","Sample_Date","Spectra_Name","BNL_Barcode","Sample_Barcode","USDA_Species_Code","Instrument","Foreoptic","Collection_Units","Spectra_Units","Spectra_Type","Reflectance_Type","White_Reference_Standard","Spectral_Resolution","Interpolation_Method","Overlap_Handling","Overlap_Removal","Overlap_Matching_Type","Leaf_VIS_Spectral_Absorption"
"Barrow (Utqia_vik) Environmental Observatory","20160709","BNL1818","BNL1818","1818","ERAN6","SVC_HR-1024i","Fiber_1_LC_RP_Pro","Radiance","Percent_Reflectance_0_100","Leaf","Absolute","99AA10-0614-0827 SRS-99-020","1nm","Linear","Removed","Post_processing","Radiance",0.937079846440894
"Barrow (Utqia_vik) Environmental Observatory","20160709","BNL1819","BNL1819","1819","ERAN6","SVC_HR-1024i","Fiber_1_LC_RP_Pro","Radiance","Percent_Reflectance_0_100","Leaf","Absolute","99AA10-0614-0827 SRS-99-020","1nm","Linear","Removed","Post_processing","Radiance",0.94378483353716
"Barrow (Utqia_vik) Environmental Observatory","20160709","BNL1820","BNL1820","1820","ERAN6","SVC_HR-1024i","Fiber_1_LC_RP_Pro","Radiance","Percent_Reflectance_0_100","Leaf","Absolute","99AA10-0614-0827 SRS-99-020","1nm","Linear","Removed","Post_processing","Radiance",0.946271353835122
"Barrow (Utqia_vik) Environmental Observatory","20160709","BNL1821","BNL1821","1821","ERAN6","SVC_HR-1024i","Fiber_1_LC_RP_Pro","Radiance","Percent_Reflectance_0_100","Leaf","Absolute","99AA10-0614-0827 SRS-99-020","1nm","Linear","Removed","Post_processing","Radiance",0.938773839946783
"Barrow (Utqia_vik) Environmental Observatory","20160709","BNL1822","BNL1822","1822","ERAN6","SVC_HR-1024i","Fiber_1_LC_RP_Pro","Radiance","Percent_Reflectance_0_100","Leaf","Absolute","99AA10-0614-0827 SRS-99-020","1nm","Linear","Removed","Post_processing","Radiance",0.947824180420891
"Barrow (Utqia_vik) Environmental Observatory","20160709","BNL1824","BNL1824","1824","ERAN6","SVC_HR-1024i","Fiber_1_LC_RP_Pro","Radiance","Percent_Reflectance_0_100","Leaf","Absolute","99AA10-0614-0827 SRS-99-020","1nm","Linear","Removed","Post_processing","Radiance",0.93449376781364
"Barrow (Utqia_vik) Environmental Observatory","20160710","BNL1823","BNL1823","1823","ERAN6","SVC_HR-1024i","Fiber_1_LC_RP_Pro","Radiance","Percent_Reflectance_0_100","Leaf","Absolute","99AA10-0614-0827 SRS-99-020","1nm","Linear","Removed","Post_processing","Radiance",0.94804614379835
"Barrow (Utqia_vik) Environmental Observatory","20160710","BNL1827","BNL1827","1827","ERAN6","SVC_HR-1024i","Fiber_1_LC_RP_Pro","Radiance","Percent_Reflectance_0_100","Leaf","Absolute","99AA10-0614-0827 SRS-99-020","1nm","Linear","Removed","Post_processing","Radiance",0.924248742286838
"Barrow (Utqia_vik) Environmental Observatory","20160710","BNL1828","BNL1828","1828","ERAN6","SVC_HR-1024i","Fiber_1_LC_RP_Pro","Radiance","Percent_Reflectance_0_100","Leaf","Absolute","99AA10-0614-0827 SRS-99-020","1nm","Linear","Removed","Post_processing","Radiance",0.944146938079572
"Barrow (Utqia_vik) Environmental Observatory","20160710","BNL1829","BNL1829","1829","ERAN6","SVC_HR-1024i","Fiber_1_LC_RP_Pro","Radiance","Percent_Reflectance_0_100","Leaf","Absolute","99AA10-0614-0827 SRS-99-020","1nm","Linear","Removed","Post_processing","Radiance",0.93936091470041
"Barrow (Utqia_vik) Environmental Observatory","20160710","BNL1835","BNL1835","1835","ERAN6","SVC_HR-1024i","Fiber_1_LC_RP_Pro","Radiance","Percent_Reflectance_0_100","Leaf","Absolute","99AA10-0614-0827 SRS-99-020","1nm","Linear","Removed","Post_processing","Radiance",0.931154719596277
"Barrow (Utqia_vik) Environmental Observatory","20160710","BNL1836","BNL1836","1836","ARLA2","SVC_HR-1024i","Fiber_1_LC_RP_Pro","Radiance","Percent_Reflectance_0_100","Leaf","Absolute","99AA10-0614-0827 SRS-99-020","1nm","Linear","Removed","Post_processing","Radiance",0.873442122700359
"Barrow (Utqia_vik) Environmental Observatory","20160710","BNL1837","BNL1837","1837","ERAN6","SVC_HR-1024i","Fiber_1_LC_RP_Pro","Radiance","Percent_Reflectance_0_100","Leaf","Absolute","99AA10-0614-0827 SRS-99-020","1nm","Linear","Removed","Post_processing","Radiance",0.936149077827405
"Barrow (Utqia_vik) Environmental Observatory","20160710","BNL1838","BNL1838","1838","ERAN6","SVC_HR-1024i","Fiber_1_LC_RP_Pro","Radiance","Percent_Reflectance_0_100","Leaf","Absolute","99AA10-0614-0827 SRS-99-020","1nm","Linear","Removed","Post_processing","Radiance",0.906421792178644
"Barrow (Utqia_vik) Environmental Observatory","20160710","BNL1839","BNL1839","1839","ERAN6","SVC_HR-1024i","Fiber_1_LC_RP_Pro","Radiance","Percent_Reflectance_0_100","Leaf","Absolute","99AA10-0614-0827 SRS-99-020","1nm","Linear","Removed","Post_processing","Radiance",0.946383263305581
"Barrow (Utqia_vik) Environmental Observatory","20160710","BNL1840","BNL1840","1840","ERAN6","SVC_HR-1024i","Fiber_1_LC_RP_Pro","Radiance","Percent_Reflectance_0_100","Leaf","Absolute","99AA10-0614-0827 SRS-99-020","1nm","Linear","Removed","Post_processing","Radiance",0.946021956592009
"Barrow (Utqia_vik) Environmental Observatory","20160710","BNL1841","BNL1841","1841","ARLA2","SVC_HR-1024i","Fiber_1_LC_RP_Pro","Radiance","Percent_Reflectance_0_100","Leaf","Absolute","99AA10-0614-0827 SRS-99-020","1nm","Linear","Removed","Post_processing","Radiance",0.880154570259168
"Barrow (Utqia_vik) Environmental Observatory","20160710","BNL1842","BNL1842","1842","ARLA2","SVC_HR-1024i","Fiber_1_LC_RP_Pro","Radiance","Percent_Reflectance_0_100","Leaf","Absolute","99AA10-0614-0827 SRS-99-020","1nm","Linear","Removed","Post_processing","Radiance",0.883287735742659
"Barrow (Utqia_vik) Environmental Observatory","20160710","BNL1847","BNL1847","1847","ARLA2","SVC_HR-1024i","Fiber_1_LC_RP_Pro","Radiance","Percent_Reflectance_0_100","Leaf","Absolute","99AA10-0614-0827 SRS-99-020","1nm","Linear","Removed","Post_processing","Radiance",0.849920713226528
"Barrow (Utqia_vik) Environmental Observatory","20160710","BNL1850","BNL1850","1850","ARLA2","SVC_HR-1024i","Fiber_1_LC_RP_Pro","Radiance","Percent_Reflectance_0_100","Leaf","Absolute","99AA10-0614-0827 SRS-99-020","1nm","Linear","Removed","Post_processing","Radiance",0.859394570936807
"Barrow (Utqia_vik) Environmental Observatory","20160710","BNL1851","BNL1851","1851","ARLA2","SVC_HR-1024i","Fiber_1_LC_RP_Pro","Radiance","Percent_Reflectance_0_100","Leaf","Absolute","99AA10-0614-0827 SRS-99-020","1nm","Linear","Removed","Post_processing","Radiance",0.844460806257142
"Barrow (Utqia_vik) Environmental Observatory","20160711","BNL1843","BNL1843","1843","ARLA2","SVC_HR-1024i","Fiber_1_LC_RP_Pro","Radiance","Percent_Reflectance_0_100","Leaf","Absolute","99AA10-0614-0827 SRS-99-020","1nm","Linear","Removed","Post_processing","Radiance",0.865989492919322
"Barrow (Utqia_vik) Environmental Observatory","20160711","BNL1844","BNL1844","1844","ARLA2","SVC_HR-1024i","Fiber_1_LC_RP_Pro","Radiance","Percent_Reflectance_0_100","Leaf","Absolute","99AA10-0614-0827 SRS-99-020","1nm","Linear","Removed","Post_processing","Radiance",0.880307978853671
"Barrow (Utqia_vik) Environmental Observatory","20160711","BNL1845","BNL1845","1845","ARLA2","SVC_HR-1024i","Fiber_1_LC_RP_Pro","Radiance","Percent_Reflectance_0_100","Leaf","Absolute","99AA10-0614-0827 SRS-99-020","1nm","Linear","Removed","Post_processing","Radiance",0.871846044116612
"Barrow (Utqia_vik) Environmental Observatory","20160711","BNL1846","BNL1846","1846","ARLA2","SVC_HR-1024i","Fiber_1_LC_RP_Pro","Radiance","Percent_Reflectance_0_100","Leaf","Absolute","99AA10-0614-0827 SRS-99-020","1nm","Linear","Removed","Post_processing","Radiance",0.868755700939408
"Barrow (Utqia_vik) Environmental Observatory","20160711","BNL1873","BNL1873","1873","ARLA2","SVC_HR-1024i","Fiber_1_LC_RP_Pro","Radiance","Percent_Reflectance_0_100","Leaf","Absolute","99AA10-0614-0827 SRS-99-020","1nm","Linear","Removed","Post_processing","Radiance",0.8595523310565
"Barrow (Utqia_vik) Environmental Observatory","20160711","BNL1874","BNL1874","1874","CAAQ","SVC_HR-1024i","Fiber_1_LC_RP_Pro","Radiance","Percent_Reflectance_0_100","Leaf","Absolute","99AA10-0614-0827 SRS-99-020","1nm","Linear","Removed","Post_processing","Radiance",0.770725292764857
"Barrow (Utqia_vik) Environmental Observatory","20160711","BNL1878","BNL1878","1878","CAAQ","SVC_HR-1024i","Fiber_1_LC_RP_Pro","Radiance","Percent_Reflectance_0_100","Leaf","Absolute","99AA10-0614-0827 SRS-99-020","1nm","Linear","Removed","Post_processing","Radiance",0.764958335253227
"Barrow (Utqia_vik) Environmental Observatory","20160711","BNL1879","BNL1879","1879","CAAQ","SVC_HR-1024i","Fiber_1_LC_RP_Pro","Radiance","Percent_Reflectance_0_100","Leaf","Absolute","99AA10-0614-0827 SRS-99-020","1nm","Linear","Removed","Post_processing","Radiance",0.826916763851392
"Barrow (Utqia_vik) Environmental Observatory","20160711","BNL1880","BNL1880","1880","ARLA2","SVC_HR-1024i","Fiber_1_LC_RP_Pro","Radiance","Percent_Reflectance_0_100","Leaf","Absolute","99AA10-0614-0827 SRS-99-020","1nm","Linear","Removed","Post_processing","Radiance",0.867635511502751
"Barrow (Utqia_vik) Environmental Observatory","20160711","BNL1881","BNL1881","1881","ARLA2","SVC_HR-1024i","Fiber_1_LC_RP_Pro","Radiance","Percent_Reflectance_0_100","Leaf","Absolute","99AA10-0614-0827 SRS-99-020","1nm","Linear","Removed","Post_processing","Radiance",0.865088526673042
"Barrow (Utqia_vik) Environmental Observatory","20160711","BNL1882","BNL1882","1882","ARLA2","SVC_HR-1024i","Fiber_1_LC_RP_Pro","Radiance","Percent_Reflectance_0_100","Leaf","Absolute","99AA10-0614-0827 SRS-99-020","1nm","Linear","Removed","Post_processing","Radiance",0.865773354544554
"Barrow (Utqia_vik) Environmental Observatory","20160711","BNL1883","BNL1883","1883","ARLA2","SVC_HR-1024i","Fiber_1_LC_RP_Pro","Radiance","Percent_Reflectance_0_100","Leaf","Absolute","99AA10-0614-0827 SRS-99-020","1nm","Linear","Removed","Post_processing","Radiance",0.816459854660816
"Barrow (Utqia_vik) Environmental Observatory","20160711","BNL1884","BNL1884","1884","ARLA2","SVC_HR-1024i","Fiber_1_LC_RP_Pro","Radiance","Percent_Reflectance_0_100","Leaf","Absolute","99AA10-0614-0827 SRS-99-020","1nm","Linear","Removed","Post_processing","Radiance",0.871773034542225
"Barrow (Utqia_vik) Environmental Observatory","20160711","BNL1893","BNL1893","1893","SAPU15","SVC_HR-1024i","Fiber_1_LC_RP_Pro","Radiance","Percent_Reflectance_0_100","Leaf","Absolute","99AA10-0614-0827 SRS-99-020","1nm","Linear","Removed","Post_processing","Radiance",0.881102695335555
"Barrow (Utqia_vik) Environmental Observatory","20160711","BNL1894","BNL1894","1894","SAPU15","SVC_HR-1024i","Fiber_1_LC_RP_Pro","Radiance","Percent_Reflectance_0_100","Leaf","Absolute","99AA10-0614-0827 SRS-99-020","1nm","Linear","Removed","Post_processing","Radiance",0.915372252694619
"Barrow (Utqia_vik) Environmental Observatory","20160711","BNL1895","BNL1895","1895","SAPU15","SVC_HR-1024i","Fiber_1_LC_RP_Pro","Radiance","Percent_Reflectance_0_100","Leaf","Absolute","99AA10-0614-0827 SRS-99-020","1nm","Linear","Removed","Post_processing","Radiance",0.917183660183711
"Barrow (Utqia_vik) Environmental Observatory","20160711","BNL1896","BNL1896","1896","SAPU15","SVC_HR-1024i","Fiber_1_LC_RP_Pro","Radiance","Percent_Reflectance_0_100","Leaf","Absolute","99AA10-0614-0827 SRS-99-020","1nm","Linear","Removed","Post_processing","Radiance",0.939155022394479
"Barrow (Utqia_vik) Environmental Observatory","20160711","BNL1897","BNL1897","1897","SAPU15","SVC_HR-1024i","Fiber_1_LC_RP_Pro","Radiance","Percent_Reflectance_0_100","Leaf","Absolute","99AA10-0614-0827 SRS-99-020","1nm","Linear","Removed","Post_processing","Radiance",0.89935346012786
"Barrow (Utqia_vik) Environmental Observatory","20160712","BNL1876","BNL1876","1876","SAPU15","SVC_HR-1024i","Fiber_1_LC_RP_Pro","Radiance","Percent_Reflectance_0_100","Leaf","Absolute","99AA10-0614-0827 SRS-99-020","1nm","Linear","Removed","Post_processing","Radiance",0.945830862179524
"Barrow (Utqia_vik) Environmental Observatory","20160712","BNL1908","BNL1908","1908","ARLA2","SVC_HR-1024i","Fiber_1_LC_RP_Pro","Radiance","Percent_Reflectance_0_100","Leaf","Absolute","99AA10-0614-0827 SRS-99-020","1nm","Linear","Removed","Post_processing","Radiance",0.839384760909569
"Barrow (Utqia_vik) Environmental Observatory","20160712","BNL1909","BNL1909","1909","ARLA2","SVC_HR-1024i","Fiber_1_LC_RP_Pro","Radiance","Percent_Reflectance_0_100","Leaf","Absolute","99AA10-0614-0827 SRS-99-020","1nm","Linear","Removed","Post_processing","Radiance",0.869854088394631
"Barrow (Utqia_vik) Environmental Observatory","20160712","BNL1910","BNL1910","1910","ARLA2","SVC_HR-1024i","Fiber_1_LC_RP_Pro","Radiance","Percent_Reflectance_0_100","Leaf","Absolute","99AA10-0614-0827 SRS-99-020","1nm","Linear","Removed","Post_processing","Radiance",0.867665217092908
"Barrow (Utqia_vik) Environmental Observatory","20160712","BNL1912","BNL1912","1912","ARLA2","SVC_HR-1024i","Fiber_1_LC_RP_Pro","Radiance","Percent_Reflectance_0_100","Leaf","Absolute","99AA10-0614-0827 SRS-99-020","1nm","Linear","Removed","Post_processing","Radiance",0.859580209374411
"Barrow (Utqia_vik) Environmental Observatory","20160712","BNL1920","BNL1920","1920","ARLA2","SVC_HR-1024i","Fiber_1_LC_RP_Pro","Radiance","Percent_Reflectance_0_100","Leaf","Absolute","99AA10-0614-0827 SRS-99-020","1nm","Linear","Removed","Post_processing","Radiance",0.810403062863949
"Barrow (Utqia_vik) Environmental Observatory","20160712","BNL1921","BNL1921","1921","ARLA2","SVC_HR-1024i","Fiber_1_LC_RP_Pro","Radiance","Percent_Reflectance_0_100","Leaf","Absolute","99AA10-0614-0827 SRS-99-020","1nm","Linear","Removed","Post_processing","Radiance",0.838659263384145
"Barrow (Utqia_vik) Environmental Observatory","20160712","BNL1922","BNL1922","1922","ARLA2","SVC_HR-1024i","Fiber_1_LC_RP_Pro","Radiance","Percent_Reflectance_0_100","Leaf","Absolute","99AA10-0614-0827 SRS-99-020","1nm","Linear","Removed","Post_processing","Radiance",0.88825684892258
"Barrow (Utqia_vik) Environmental Observatory","20160712","BNL1923","BNL1923","1923","ERAN6","SVC_HR-1024i","Fiber_1_LC_RP_Pro","Radiance","Percent_Reflectance_0_100","Leaf","Absolute","99AA10-0614-0827 SRS-99-020","1nm","Linear","Removed","Post_processing","Radiance",0.928580793573366
"Barrow (Utqia_vik) Environmental Observatory","20160712","BNL1924","BNL1924","1924","CAAQ","SVC_HR-1024i","Fiber_1_LC_RP_Pro","Radiance","Percent_Reflectance_0_100","Leaf","Absolute","99AA10-0614-0827 SRS-99-020","1nm","Linear","Removed","Post_processing","Radiance",0.869970267928322
"Barrow (Utqia_vik) Environmental Observatory","20160712","BNL1926","BNL1926","1926","CAAQ","SVC_HR-1024i","Fiber_1_LC_RP_Pro","Radiance","Percent_Reflectance_0_100","Leaf","Absolute","99AA10-0614-0827 SRS-99-020","1nm","Linear","Removed","Post_processing","Radiance",0.823901085841264
"Barrow (Utqia_vik) Environmental Observatory","20160712","BNL1930","BNL1930","1930","ARLA2","SVC_HR-1024i","Fiber_1_LC_RP_Pro","Radiance","Percent_Reflectance_0_100","Leaf","Absolute","99AA10-0614-0827 SRS-99-020","1nm","Linear","Removed","Post_processing","Radiance",0.897089761473812
"Barrow (Utqia_vik) Environmental Observatory","20160712","BNL1931","BNL1931","1931","SAPU15","SVC_HR-1024i","Fiber_1_LC_RP_Pro","Radiance","Percent_Reflectance_0_100","Leaf","Absolute","99AA10-0614-0827 SRS-99-020","1nm","Linear","Removed","Post_processing","Radiance",0.930609284340025
"Barrow (Utqia_vik) Environmental Observatory","20160712","BNL1935","BNL1935","1935","ERAN6","SVC_HR-1024i","Fiber_1_LC_RP_Pro","Radiance","Percent_Reflectance_0_100","Leaf","Absolute","99AA10-0614-0827 SRS-99-020","1nm","Linear","Removed","Post_processing","Radiance",0.93804732947604
"Barrow (Utqia_vik) Environmental Observatory","20160713","BNL1877","BNL1877","1877","ERAN6","SVC_HR-1024i","Fiber_1_LC_RP_Pro","Radiance","Percent_Reflectance_0_100","Leaf","Absolute","99AA10-0614-0827 SRS-99-020","1nm","Linear","Removed","Post_processing","Radiance",0.935357786646868
"Barrow (Utqia_vik) Environmental Observatory","20160713","BNL1925","BNL1925","1925","PEFR5","SVC_HR-1024i","Fiber_1_LC_RP_Pro","Radiance","Percent_Reflectance_0_100","Leaf","Absolute","99AA10-0614-0827 SRS-99-020","1nm","Linear","Removed","Post_processing","Radiance",0.951280302238575
"Barrow (Utqia_vik) Environmental Observatory","20160713","BNL1927","BNL1927","1927","PEFR5","SVC_HR-1024i","Fiber_1_LC_RP_Pro","Radiance","Percent_Reflectance_0_100","Leaf","Absolute","99AA10-0614-0827 SRS-99-020","1nm","Linear","Removed","Post_processing","Radiance",0.929936433237717
"Barrow (Utqia_vik) Environmental Observatory","20160713","BNL1928","BNL1928","1928","PEFR5","SVC_HR-1024i","Fiber_1_LC_RP_Pro","Radiance","Percent_Reflectance_0_100","Leaf","Absolute","99AA10-0614-0827 SRS-99-020","1nm","Linear","Removed","Post_processing","Radiance",0.934377967510534
"Barrow (Utqia_vik) Environmental Observatory","20160713","BNL1948","BNL1948","1948","PEFR5","SVC_HR-1024i","Fiber_1_LC_RP_Pro","Radiance","Percent_Reflectance_0_100","Leaf","Absolute","99AA10-0614-0827 SRS-99-020","1nm","Linear","Removed","Post_processing","Radiance",0.94673119551197
"Barrow (Utqia_vik) Environmental Observatory","20160713","BNL1949","BNL1949","1949","PEFR5","SVC_HR-1024i","Fiber_1_LC_RP_Pro","Radiance","Percent_Reflectance_0_100","Leaf","Absolute","99AA10-0614-0827 SRS-99-020","1nm","Linear","Removed","Post_processing","Radiance",0.971375936948723
"Barrow (Utqia_vik) Environmental Observatory","20160713","BNL1950","BNL1950","1950","CAAQ","SVC_HR-1024i","Fiber_1_LC_RP_Pro","Radiance","Percent_Reflectance_0_100","Leaf","Absolute","99AA10-0614-0827 SRS-99-020","1nm","Linear","Removed","Post_processing","Radiance",0.838280614853381
"Barrow (Utqia_vik) Environmental Observatory","20160713","BNL1951","BNL1951","1951","CAAQ","SVC_HR-1024i","Fiber_1_LC_RP_Pro","Radiance","Percent_Reflectance_0_100","Leaf","Absolute","99AA10-0614-0827 SRS-99-020","1nm","Linear","Removed","Post_processing","Radiance",0.794144882675705
"Barrow (Utqia_vik) Environmental Observatory","20160713","BNL1952","BNL1952","1952","CAAQ","SVC_HR-1024i","Fiber_1_LC_RP_Pro","Radiance","Percent_Reflectance_0_100","Leaf","Absolute","99AA10-0614-0827 SRS-99-020","1nm","Linear","Removed","Post_processing","Radiance",0.686030350507176
"Barrow (Utqia_vik) Environmental Observatory","20160713","BNL1953","BNL1953","1953","CAAQ","SVC_HR-1024i","Fiber_1_LC_RP_Pro","Radiance","Percent_Reflectance_0_100","Leaf","Absolute","99AA10-0614-0827 SRS-99-020","1nm","Linear","Removed","Post_processing","Radiance",0.793985513840439
"Barrow (Utqia_vik) Environmental Observatory","20160713","BNL1954","BNL1954","1954","ARLA2","SVC_HR-1024i","Fiber_1_LC_RP_Pro","Radiance","Percent_Reflectance_0_100","Leaf","Absolute","99AA10-0614-0827 SRS-99-020","1nm","Linear","Removed","Post_processing","Radiance",0.855609652828744
"Barrow (Utqia_vik) Environmental Observatory","20160713","BNL1955","BNL1955","1955","ARLA2","SVC_HR-1024i","Fiber_1_LC_RP_Pro","Radiance","Percent_Reflectance_0_100","Leaf","Absolute","99AA10-0614-0827 SRS-99-020","1nm","Linear","Removed","Post_processing","Radiance",0.860768234288325
"Barrow (Utqia_vik) Environmental Observatory","20160713","BNL1956","BNL1956","1956","ARLA2","SVC_HR-1024i","Fiber_1_LC_RP_Pro","Radiance","Percent_Reflectance_0_100","Leaf","Absolute","99AA10-0614-0827 SRS-99-020","1nm","Linear","Removed","Post_processing","Radiance",0.887850766980155
"Barrow (Utqia_vik) Environmental Observatory","20160713","BNL1957","BNL1957","1957","SAPU15","SVC_HR-1024i","Fiber_1_LC_RP_Pro","Radiance","Percent_Reflectance_0_100","Leaf","Absolute","99AA10-0614-0827 SRS-99-020","1nm","Linear","Removed","Post_processing","Radiance",0.944469227150359
"Barrow (Utqia_vik) Environmental Observatory","20160713","BNL1958","BNL1958","1958","SAPU15","SVC_HR-1024i","Fiber_1_LC_RP_Pro","Radiance","Percent_Reflectance_0_100","Leaf","Absolute","99AA10-0614-0827 SRS-99-020","1nm","Linear","Removed","Post_processing","Radiance",0.933840242316292
"Barrow (Utqia_vik) Environmental Observatory","20160713","BNL1959","BNL1959","1959","ARLA2","SVC_HR-1024i","Fiber_1_LC_RP_Pro","Radiance","Percent_Reflectance_0_100","Leaf","Absolute","99AA10-0614-0827 SRS-99-020","1nm","Linear","Removed","Post_processing","Radiance",0.876588596844335
"Barrow (Utqia_vik) Environmental Observatory","20160713","BNL1960","BNL1960","1960","ARLA2","SVC_HR-1024i","Fiber_1_LC_RP_Pro","Radiance","Percent_Reflectance_0_100","Leaf","Absolute","99AA10-0614-0827 SRS-99-020","1nm","Linear","Removed","Post_processing","Radiance",0.902729240876709
"Barrow (Utqia_vik) Environmental Observatory","20160713","BNL1961","BNL1961","1961","ERAN6","SVC_HR-1024i","Fiber_1_LC_RP_Pro","Radiance","Percent_Reflectance_0_100","Leaf","Absolute","99AA10-0614-0827 SRS-99-020","1nm","Linear","Removed","Post_processing","Radiance",0.929957101582719
"Barrow (Utqia_vik) Environmental Observatory","20160713","BNL1962","BNL1962","1962","SAPU15","SVC_HR-1024i","Fiber_1_LC_RP_Pro","Radiance","Percent_Reflectance_0_100","Leaf","Absolute","99AA10-0614-0827 SRS-99-020","1nm","Linear","Removed","Post_processing","Radiance",0.922761160384442
"Barrow (Utqia_vik) Environmental Observatory","20160714","BNL1963","BNL1963","1963","CAAQ","SVC_HR-1024i","Fiber_1_LC_RP_Pro","Radiance","Percent_Reflectance_0_100","Leaf","Absolute","99AA10-0614-0827 SRS-99-020","1nm","Linear","Removed","Post_processing","Radiance",0.808309621374609
"Barrow (Utqia_vik) Environmental Observatory","20160714","BNL1964","BNL1964","1964","CAAQ","SVC_HR-1024i","Fiber_1_LC_RP_Pro","Radiance","Percent_Reflectance_0_100","Leaf","Absolute","99AA10-0614-0827 SRS-99-020","1nm","Linear","Removed","Post_processing","Radiance",0.855872427314499
"Barrow (Utqia_vik) Environmental Observatory","20160714","BNL1965","BNL1965","1965","CAAQ","SVC_HR-1024i","Fiber_1_LC_RP_Pro","Radiance","Percent_Reflectance_0_100","Leaf","Absolute","99AA10-0614-0827 SRS-99-020","1nm","Linear","Removed","Post_processing","Radiance",0.76062940280643
"Barrow (Utqia_vik) Environmental Observatory","20160714","BNL1966","BNL1966","1966","SAPU15","SVC_HR-1024i","Fiber_1_LC_RP_Pro","Radiance","Percent_Reflectance_0_100","Leaf","Absolute","99AA10-0614-0827 SRS-99-020","1nm","Linear","Removed","Post_processing","Radiance",0.935426111726991
"Barrow (Utqia_vik) Environmental Observatory","20160714","BNL1967","BNL1967","1967","SAPU15","SVC_HR-1024i","Fiber_1_LC_RP_Pro","Radiance","Percent_Reflectance_0_100","Leaf","Absolute","99AA10-0614-0827 SRS-99-020","1nm","Linear","Removed","Post_processing","Radiance",0.928705724182984
"Barrow (Utqia_vik) Environmental Observatory","20160714","BNL1978","BNL1978","1978","SAPU15","SVC_HR-1024i","Fiber_1_LC_RP_Pro","Radiance","Percent_Reflectance_0_100","Leaf","Absolute","99AA10-0614-0827 SRS-99-020","1nm","Linear","Removed","Post_processing","Radiance",0.882563926504959
"Barrow (Utqia_vik) Environmental Observatory","20160714","BNL1980","BNL1980","1980","ARFU2","SVC_HR-1024i","Fiber_1_LC_RP_Pro","Radiance","Percent_Reflectance_0_100","Leaf","Absolute","99AA10-0614-0827 SRS-99-020","1nm","Linear","Removed","Post_processing","Radiance",0.824116918673823
"Barrow (Utqia_vik) Environmental Observatory","20160714","BNL1981","BNL1981","1981","ARFU2","SVC_HR-1024i","Fiber_1_LC_RP_Pro","Radiance","Percent_Reflectance_0_100","Leaf","Absolute","99AA10-0614-0827 SRS-99-020","1nm","Linear","Removed","Post_processing","Radiance",0.780053892088246
"Barrow (Utqia_vik) Environmental Observatory","20160714","BNL1982","BNL1982","1982","ARFU2","SVC_HR-1024i","Fiber_1_LC_RP_Pro","Radiance","Percent_Reflectance_0_100","Leaf","Absolute","99AA10-0614-0827 SRS-99-020","1nm","Linear","Removed","Post_processing","Radiance",0.779362444980997
"Barrow (Utqia_vik) Environmental Observatory","20160714","BNL1983","BNL1983","1983","ARFU2","SVC_HR-1024i","Fiber_1_LC_RP_Pro","Radiance","Percent_Reflectance_0_100","Leaf","Absolute","99AA10-0614-0827 SRS-99-020","1nm","Linear","Removed","Post_processing","Radiance",0.794391175273865
"Barrow (Utqia_vik) Environmental Observatory","20160714","BNL1984","BNL1984","1984","SAPU15","SVC_HR-1024i","Fiber_1_LC_RP_Pro","Radiance","Percent_Reflectance_0_100","Leaf","Absolute","99AA10-0614-0827 SRS-99-020","1nm","Linear","Removed","Post_processing","Radiance",0.948471602723637
"Barrow (Utqia_vik) Environmental Observatory","20160714","BNL1985","BNL1985","1985","CAAQ","SVC_HR-1024i","Fiber_1_LC_RP_Pro","Radiance","Percent_Reflectance_0_100","Leaf","Absolute","99AA10-0614-0827 SRS-99-020","1nm","Linear","Removed","Post_processing","Radiance",0.807594025180068
"Barrow (Utqia_vik) Environmental Observatory","20160714","BNL1986","BNL1986","1986","CAAQ","SVC_HR-1024i","Fiber_1_LC_RP_Pro","Radiance","Percent_Reflectance_0_100","Leaf","Absolute","99AA10-0614-0827 SRS-99-020","1nm","Linear","Removed","Post_processing","Radiance",0.805046678466902
"Barrow (Utqia_vik) Environmental Observatory","20160714","BNL1987","BNL1987","1987","CAAQ","SVC_HR-1024i","Fiber_1_LC_RP_Pro","Radiance","Percent_Reflectance_0_100","Leaf","Absolute","99AA10-0614-0827 SRS-99-020","1nm","Linear","Removed","Post_processing","Radiance",0.788402358373142
"Barrow (Utqia_vik) Environmental Observatory","20160714","BNL1988","BNL1988","1988","CAAQ","SVC_HR-1024i","Fiber_1_LC_RP_Pro","Radiance","Percent_Reflectance_0_100","Leaf","Absolute","99AA10-0614-0827 SRS-99-020","1nm","Linear","Removed","Post_processing","Radiance",0.84701792132665
"Barrow (Utqia_vik) Environmental Observatory","20160714","BNL1989","BNL1989","1989","ARFU2","SVC_HR-1024i","Fiber_1_LC_RP_Pro","Radiance","Percent_Reflectance_0_100","Leaf","Absolute","99AA10-0614-0827 SRS-99-020","1nm","Linear","Removed","Post_processing","Radiance",0.767044270965609
"Barrow (Utqia_vik) Environmental Observatory","20160714","BNL1990","BNL1990","1990","ARFU2","SVC_HR-1024i","Fiber_1_LC_RP_Pro","Radiance","Percent_Reflectance_0_100","Leaf","Absolute","99AA10-0614-0827 SRS-99-020","1nm","Linear","Removed","Post_processing","Radiance",0.817101167947094
"Barrow (Utqia_vik) Environmental Observatory","20160714","BNL1991","BNL1991","1991","ARFU2","SVC_HR-1024i","Fiber_1_LC_RP_Pro","Radiance","Percent_Reflectance_0_100","Leaf","Absolute","99AA10-0614-0827 SRS-99-020","1nm","Linear","Removed","Post_processing","Radiance",0.843246131508769
"Barrow (Utqia_vik) Environmental Observatory","20160714","BNL1992","BNL1992","1992","ARFU2","SVC_HR-1024i","Fiber_1_LC_RP_Pro","Radiance","Percent_Reflectance_0_100","Leaf","Absolute","99AA10-0614-0827 SRS-99-020","1nm","Linear","Removed","Post_processing","Radiance",0.784918716968525
"Barrow (Utqia_vik) Environmental Observatory","20160714","BNL1996","BNL1996","1996","ARFU2","SVC_HR-1024i","Fiber_1_LC_RP_Pro","Radiance","Percent_Reflectance_0_100","Leaf","Absolute","99AA10-0614-0827 SRS-99-020","1nm","Linear","Removed","Post_processing","Radiance",0.801492881177967
"Barrow (Utqia_vik) Environmental Observatory","20160714","BNL1997","BNL1997","1997","CAAQ","SVC_HR-1024i","Fiber_1_LC_RP_Pro","Radiance","Percent_Reflectance_0_100","Leaf","Absolute","99AA10-0614-0827 SRS-99-020","1nm","Linear","Removed","Post_processing","Radiance",0.78039075700056
"Barrow (Utqia_vik) Environmental Observatory","20160714","BNL1998","BNL1998","1998","CAAQ","SVC_HR-1024i","Fiber_1_LC_RP_Pro","Radiance","Percent_Reflectance_0_100","Leaf","Absolute","99AA10-0614-0827 SRS-99-020","1nm","Linear","Removed","Post_processing","Radiance",0.787595913626574
"Barrow (Utqia_vik) Environmental Observatory","20160714","BNL1999","BNL1999","1999","ARFU2","SVC_HR-1024i","Fiber_1_LC_RP_Pro","Radiance","Percent_Reflectance_0_100","Leaf","Absolute","99AA10-0614-0827 SRS-99-020","1nm","Linear","Removed","Post_processing","Radiance",0.8261772378702
"Barrow (Utqia_vik) Environmental Observatory","20160716","BNL1979","BNL1979","1979","CAAQ","SVC_HR-1024i","Fiber_1_LC_RP_Pro","Radiance","Percent_Reflectance_0_100","Leaf","Absolute","99AA10-0614-0827 SRS-99-020","1nm","Linear","Removed","Post_processing","Radiance",0.787123246416391
"Barrow (Utqia_vik) Environmental Observatory","20160716","BNL1993","BNL1993","1993","PEFR5","SVC_HR-1024i","Fiber_1_LC_RP_Pro","Radiance","Percent_Reflectance_0_100","Leaf","Absolute","99AA10-0614-0827 SRS-99-020","1nm","Linear","Removed","Post_processing","Radiance",0.972511026592164
"Barrow (Utqia_vik) Environmental Observatory","20160716","BNL1994","BNL1994","1994","PEFR5","SVC_HR-1024i","Fiber_1_LC_RP_Pro","Radiance","Percent_Reflectance_0_100","Leaf","Absolute","99AA10-0614-0827 SRS-99-020","1nm","Linear","Removed","Post_processing","Radiance",0.969671320294204
"Barrow (Utqia_vik) Environmental Observatory","20160716","BNL1995","BNL1995","1995","PEFR5","SVC_HR-1024i","Fiber_1_LC_RP_Pro","Radiance","Percent_Reflectance_0_100","Leaf","Absolute","99AA10-0614-0827 SRS-99-020","1nm","Linear","Removed","Post_processing","Radiance",0.960014517061335
"Barrow (Utqia_vik) Environmental Observatory","20160716","BNL2000","BNL2000","2000","CAAQ","SVC_HR-1024i","Fiber_1_LC_RP_Pro","Radiance","Percent_Reflectance_0_100","Leaf","Absolute","99AA10-0614-0827 SRS-99-020","1nm","Linear","Removed","Post_processing","Radiance",0.821385800115986
"Barrow (Utqia_vik) Environmental Observatory","20160716","BNL2001","BNL2001","2001","CAAQ","SVC_HR-1024i","Fiber_1_LC_RP_Pro","Radiance","Percent_Reflectance_0_100","Leaf","Absolute","99AA10-0614-0827 SRS-99-020","1nm","Linear","Removed","Post_processing","Radiance",0.826812900856224
"Barrow (Utqia_vik) Environmental Observatory","20160716","BNL2021","BNL2021","2021","CAAQ","SVC_HR-1024i","Fiber_1_LC_RP_Pro","Radiance","Percent_Reflectance_0_100","Leaf","Absolute","99AA10-0614-0827 SRS-99-020","1nm","Linear","Removed","Post_processing","Radiance",0.816865936112542
"Barrow (Utqia_vik) Environmental Observatory","20160716","BNL2022","BNL2022","2022","CAAQ","SVC_HR-1024i","Fiber_1_LC_RP_Pro","Radiance","Percent_Reflectance_0_100","Leaf","Absolute","99AA10-0614-0827 SRS-99-020","1nm","Linear","Removed","Post_processing","Radiance",0.820088465865801
"Barrow (Utqia_vik) Environmental Observatory","20160716","BNL2023","BNL2023","2023","ARFU2","SVC_HR-1024i","Fiber_1_LC_RP_Pro","Radiance","Percent_Reflectance_0_100","Leaf","Absolute","99AA10-0614-0827 SRS-99-020","1nm","Linear","Removed","Post_processing","Radiance",0.848546766008623
"Barrow (Utqia_vik) Environmental Observatory","20160716","BNL2024","BNL2024","2024","ARFU2","SVC_HR-1024i","Fiber_1_LC_RP_Pro","Radiance","Percent_Reflectance_0_100","Leaf","Absolute","99AA10-0614-0827 SRS-99-020","1nm","Linear","Removed","Post_processing","Radiance",0.840898157270869
"Barrow (Utqia_vik) Environmental Observatory","20160716","BNL2025","BNL2025","2025","ARFU2","SVC_HR-1024i","Fiber_1_LC_RP_Pro","Radiance","Percent_Reflectance_0_100","Leaf","Absolute","99AA10-0614-0827 SRS-99-020","1nm","Linear","Removed","Post_processing","Radiance",0.825389743740997
"Barrow (Utqia_vik) Environmental Observatory","20160716","BNL2026","BNL2026","2026","ARFU2","SVC_HR-1024i","Fiber_1_LC_RP_Pro","Radiance","Percent_Reflectance_0_100","Leaf","Absolute","99AA10-0614-0827 SRS-99-020","1nm","Linear","Removed","Post_processing","Radiance",0.817317759324538
"Barrow (Utqia_vik) Environmental Observatory","20160716","BNL2027","BNL2027","2027","ARFU2","SVC_HR-1024i","Fiber_1_LC_RP_Pro","Radiance","Percent_Reflectance_0_100","Leaf","Absolute","99AA10-0614-0827 SRS-99-020","1nm","Linear","Removed","Post_processing","Radiance",0.838841079439406
"Barrow (Utqia_vik) Environmental Observatory","20160716","BNL2028","BNL2028","2028","ARFU2","SVC_HR-1024i","Fiber_1_LC_RP_Pro","Radiance","Percent_Reflectance_0_100","Leaf","Absolute","99AA10-0614-0827 SRS-99-020","1nm","Linear","Removed","Post_processing","Radiance",0.824171897673893
"Barrow (Utqia_vik) Environmental Observatory","20160716","BNL2033","BNL2033","2033","PEFR5","SVC_HR-1024i","Fiber_1_LC_RP_Pro","Radiance","Percent_Reflectance_0_100","Leaf","Absolute","99AA10-0614-0827 SRS-99-020","1nm","Linear","Removed","Post_processing","Radiance",0.964190462359149
"Barrow (Utqia_vik) Environmental Observatory","20160716","BNL2034","BNL2034","2034","PEFR5","SVC_HR-1024i","Fiber_1_LC_RP_Pro","Radiance","Percent_Reflectance_0_100","Leaf","Absolute","99AA10-0614-0827 SRS-99-020","1nm","Linear","Removed","Post_processing","Radiance",0.962478083037397
"Barrow (Utqia_vik) Environmental Observatory","20160716","BNL2035","BNL2035","2035","PEFR5","SVC_HR-1024i","Fiber_1_LC_RP_Pro","Radiance","Percent_Reflectance_0_100","Leaf","Absolute","99AA10-0614-0827 SRS-99-020","1nm","Linear","Removed","Post_processing","Radiance",0.964035349059958
"Barrow (Utqia_vik) Environmental Observatory","20160716","BNL2036","BNL2036","2036","PEFR5","SVC_HR-1024i","Fiber_1_LC_RP_Pro","Radiance","Percent_Reflectance_0_100","Leaf","Absolute","99AA10-0614-0827 SRS-99-020","1nm","Linear","Removed","Post_processing","Radiance",0.958467797797768
"Barrow (Utqia_vik) Environmental Observatory","20160716","BNL2038","BNL2038","2038","CAAQ","SVC_HR-1024i","Fiber_1_LC_RP_Pro","Radiance","Percent_Reflectance_0_100","Leaf","Absolute","99AA10-0614-0827 SRS-99-020","1nm","Linear","Removed","Post_processing","Radiance",0.818946358452931
"Barrow (Utqia_vik) Environmental Observatory","20160716","BNL2039","BNL2039","2039","CAAQ","SVC_HR-1024i","Fiber_1_LC_RP_Pro","Radiance","Percent_Reflectance_0_100","Leaf","Absolute","99AA10-0614-0827 SRS-99-020","1nm","Linear","Removed","Post_processing","Radiance",0.794151704465509
"Barrow (Utqia_vik) Environmental Observatory","20160716","BNL2041","BNL2041","2041","PEFR5","SVC_HR-1024i","Fiber_1_LC_RP_Pro","Radiance","Percent_Reflectance_0_100","Leaf","Absolute","99AA10-0614-0827 SRS-99-020","1nm","Linear","Removed","Post_processing","Radiance",0.961494078586518
"Barrow (Utqia_vik) Environmental Observatory","20160716","BNL2042","BNL2042","2042","PEFR5","SVC_HR-1024i","Fiber_1_LC_RP_Pro","Radiance","Percent_Reflectance_0_100","Leaf","Absolute","99AA10-0614-0827 SRS-99-020","1nm","Linear","Removed","Post_processing","Radiance",0.952470319620813
"Barrow (Utqia_vik) Environmental Observatory","20160716","BNL2043","BNL2043","2043","PEFR5","SVC_HR-1024i","Fiber_1_LC_RP_Pro","Radiance","Percent_Reflectance_0_100","Leaf","Absolute","99AA10-0614-0827 SRS-99-020","1nm","Linear","Removed","Post_processing","Radiance",0.970918170100263
"Barrow (Utqia_vik) Environmental Observatory","20160717","BNL2032","BNL2032","2032","ERAN6","SVC_HR-1024i","Fiber_1_LC_RP_Pro","Radiance","Percent_Reflectance_0_100","Leaf","Absolute","99AA10-0614-0827 SRS-99-020","1nm","Linear","Removed","Post_processing","Radiance",0.923461793156426
"Barrow (Utqia_vik) Environmental Observatory","20160717","BNL2052","BNL2052","2052","ERAN6","SVC_HR-1024i","Fiber_1_LC_RP_Pro","Radiance","Percent_Reflectance_0_100","Leaf","Absolute","99AA10-0614-0827 SRS-99-020","1nm","Linear","Removed","Post_processing","Radiance",0.927024766820222
"Barrow (Utqia_vik) Environmental Observatory","20160717","BNL2053","BNL2053","2053","ERAN6","SVC_HR-1024i","Fiber_1_LC_RP_Pro","Radiance","Percent_Reflectance_0_100","Leaf","Absolute","99AA10-0614-0827 SRS-99-020","1nm","Linear","Removed","Post_processing","Radiance",0.939739577569777
"Barrow (Utqia_vik) Environmental Observatory","20160717","BNL2054","BNL2054","2054","ERAN6","SVC_HR-1024i","Fiber_1_LC_RP_Pro","Radiance","Percent_Reflectance_0_100","Leaf","Absolute","99AA10-0614-0827 SRS-99-020","1nm","Linear","Removed","Post_processing","Radiance",0.926336495308305
"Barrow (Utqia_vik) Environmental Observatory","20160717","BNL2055","BNL2055","2055","ERAN6","SVC_HR-1024i","Fiber_1_LC_RP_Pro","Radiance","Percent_Reflectance_0_100","Leaf","Absolute","99AA10-0614-0827 SRS-99-020","1nm","Linear","Removed","Post_processing","Radiance",0.945948720111636
"Barrow (Utqia_vik) Environmental Observatory","20160717","BNL2056","BNL2056","2056","ERAN6","SVC_HR-1024i","Fiber_1_LC_RP_Pro","Radiance","Percent_Reflectance_0_100","Leaf","Absolute","99AA10-0614-0827 SRS-99-020","1nm","Linear","Removed","Post_processing","Radiance",0.952648090328861
"Barrow (Utqia_vik) Environmental Observatory","20160717","BNL2057","BNL2057","2057","SAPU15","SVC_HR-1024i","Fiber_1_LC_RP_Pro","Radiance","Percent_Reflectance_0_100","Leaf","Absolute","99AA10-0614-0827 SRS-99-020","1nm","Linear","Removed","Post_processing","Radiance",0.938463212624704
"Barrow (Utqia_vik) Environmental Observatory","20160717","BNL2058","BNL2058","2058","SAPU15","SVC_HR-1024i","Fiber_1_LC_RP_Pro","Radiance","Percent_Reflectance_0_100","Leaf","Absolute","99AA10-0614-0827 SRS-99-020","1nm","Linear","Removed","Post_processing","Radiance",0.926983653666445
"Barrow (Utqia_vik) Environmental Observatory","20160717","BNL2059","BNL2059","2059","SAPU15","SVC_HR-1024i","Fiber_1_LC_RP_Pro","Radiance","Percent_Reflectance_0_100","Leaf","Absolute","99AA10-0614-0827 SRS-99-020","1nm","Linear","Removed","Post_processing","Radiance",0.932896834359556
"Barrow (Utqia_vik) Environmental Observatory","20160717","BNL2060","BNL2060","2060","SAPU15","SVC_HR-1024i","Fiber_1_LC_RP_Pro","Radiance","Percent_Reflectance_0_100","Leaf","Absolute","99AA10-0614-0827 SRS-99-020","1nm","Linear","Removed","Post_processing","Radiance",0.937335207420073
"Barrow (Utqia_vik) Environmental Observatory","20160717","BNL2061","BNL2061","2061","ERAN6","SVC_HR-1024i","Fiber_1_LC_RP_Pro","Radiance","Percent_Reflectance_0_100","Leaf","Absolute","99AA10-0614-0827 SRS-99-020","1nm","Linear","Removed","Post_processing","Radiance",0.929350643420495
"Barrow (Utqia_vik) Environmental Observatory","20160717","BNL2062","BNL2062","2062","ERAN6","SVC_HR-1024i","Fiber_1_LC_RP_Pro","Radiance","Percent_Reflectance_0_100","Leaf","Absolute","99AA10-0614-0827 SRS-99-020","1nm","Linear","Removed","Post_processing","Radiance",0.917822401714429
"Barrow (Utqia_vik) Environmental Observatory","20160717","BNL2063","BNL2063","2063","ERAN6","SVC_HR-1024i","Fiber_1_LC_RP_Pro","Radiance","Percent_Reflectance_0_100","Leaf","Absolute","99AA10-0614-0827 SRS-99-020","1nm","Linear","Removed","Post_processing","Radiance",0.927150577501218
"Barrow (Utqia_vik) Environmental Observatory","20160717","BNL2064","BNL2064","2064","ERAN6","SVC_HR-1024i","Fiber_1_LC_RP_Pro","Radiance","Percent_Reflectance_0_100","Leaf","Absolute","99AA10-0614-0827 SRS-99-020","1nm","Linear","Removed","Post_processing","Radiance",0.927301138742418
"Barrow (Utqia_vik) Environmental Observatory","20160717","BNL2065","BNL2065","2065","ERAN6","SVC_HR-1024i","Fiber_1_LC_RP_Pro","Radiance","Percent_Reflectance_0_100","Leaf","Absolute","99AA10-0614-0827 SRS-99-020","1nm","Linear","Removed","Post_processing","Radiance",0.929282968424869
"Barrow (Utqia_vik) Environmental Observatory","20160717","BNL2066","BNL2066","2066","ERAN6","SVC_HR-1024i","Fiber_1_LC_RP_Pro","Radiance","Percent_Reflectance_0_100","Leaf","Absolute","99AA10-0614-0827 SRS-99-020","1nm","Linear","Removed","Post_processing","Radiance",0.923580843189687
"Barrow (Utqia_vik) Environmental Observatory","20160717","BNL2067","BNL2067","2067","SAPU15","SVC_HR-1024i","Fiber_1_LC_RP_Pro","Radiance","Percent_Reflectance_0_100","Leaf","Absolute","99AA10-0614-0827 SRS-99-020","1nm","Linear","Removed","Post_processing","Radiance",0.929642735619627
"Barrow (Utqia_vik) Environmental Observatory","20160717","BNL2068","BNL2068","2068","SAPU15","SVC_HR-1024i","Fiber_1_LC_RP_Pro","Radiance","Percent_Reflectance_0_100","Leaf","Absolute","99AA10-0614-0827 SRS-99-020","1nm","Linear","Removed","Post_processing","Radiance",0.929558694547749
"Barrow (Utqia_vik) Environmental Observatory","20160717","BNL2069","BNL2069","2069","SAPU15","SVC_HR-1024i","Fiber_1_LC_RP_Pro","Radiance","Percent_Reflectance_0_100","Leaf","Absolute","99AA10-0614-0827 SRS-99-020","1nm","Linear","Removed","Post_processing","Radiance",0.944956072483858
"Barrow (Utqia_vik) Environmental Observatory","20160717","BNL2070","BNL2070","2070","SAPU15","SVC_HR-1024i","Fiber_1_LC_RP_Pro","Radiance","Percent_Reflectance_0_100","Leaf","Absolute","99AA10-0614-0827 SRS-99-020","1nm","Linear","Removed","Post_processing","Radiance",0.935473800321904
"Barrow (Utqia_vik) Environmental Observatory","20160717","BNL2071","BNL2071","2071","ERAN6","SVC_HR-1024i","Fiber_1_LC_RP_Pro","Radiance","Percent_Reflectance_0_100","Leaf","Absolute","99AA10-0614-0827 SRS-99-020","1nm","Linear","Removed","Post_processing","Radiance",0.903834686806209
"Barrow (Utqia_vik) Environmental Observatory","20160717","BNL2072","BNL2072","2072","ERAN6","SVC_HR-1024i","Fiber_1_LC_RP_Pro","Radiance","Percent_Reflectance_0_100","Leaf","Absolute","99AA10-0614-0827 SRS-99-020","1nm","Linear","Removed","Post_processing","Radiance",0.920484067899779
"Barrow (Utqia_vik) Environmental Observatory","20160717","BNL2100","BNL2100","2100","ERAN6","SVC_HR-1024i","Fiber_1_LC_RP_Pro","Radiance","Percent_Reflectance_0_100","Leaf","Absolute","99AA10-0614-0827 SRS-99-020","1nm","Linear","Removed","Post_processing","Radiance",0.934968044295956
"Barrow (Utqia_vik) Environmental Observatory","20160717","BNL2101","BNL2101","2101","ERAN6","SVC_HR-1024i","Fiber_1_LC_RP_Pro","Radiance","Percent_Reflectance_0_100","Leaf","Absolute","99AA10-0614-0827 SRS-99-020","1nm","Linear","Removed","Post_processing","Radiance",0.91252861439966
"Barrow (Utqia_vik) Environmental Observatory","20160717","BNL2102","BNL2102","2102","ERAN6","SVC_HR-1024i","Fiber_1_LC_RP_Pro","Radiance","Percent_Reflectance_0_100","Leaf","Absolute","99AA10-0614-0827 SRS-99-020","1nm","Linear","Removed","Post_processing","Radiance",0.926744793072649
"Barrow (Utqia_vik) Environmental Observatory","20160718","BNL2073","BNL2073","2073","CAAQ","SVC_HR-1024i","Fiber_1_LC_RP_Pro","Radiance","Percent_Reflectance_0_100","Leaf","Absolute","99AA10-0614-0827 SRS-99-020","1nm","Linear","Removed","Post_processing","Radiance",0.828882487056661
"Barrow (Utqia_vik) Environmental Observatory","20160718","BNL2074","BNL2074","2074","CAAQ","SVC_HR-1024i","Fiber_1_LC_RP_Pro","Radiance","Percent_Reflectance_0_100","Leaf","Absolute","99AA10-0614-0827 SRS-99-020","1nm","Linear","Removed","Post_processing","Radiance",0.919250142989941
"Barrow (Utqia_vik) Environmental Observatory","20160718","BNL2075","BNL2075","2075","CAAQ","SVC_HR-1024i","Fiber_1_LC_RP_Pro","Radiance","Percent_Reflectance_0_100","Leaf","Absolute","99AA10-0614-0827 SRS-99-020","1nm","Linear","Removed","Post_processing","Radiance",0.892301244218382
"Barrow (Utqia_vik) Environmental Observatory","20160718","BNL2076","BNL2076","2076","CAAQ","SVC_HR-1024i","Fiber_1_LC_RP_Pro","Radiance","Percent_Reflectance_0_100","Leaf","Absolute","99AA10-0614-0827 SRS-99-020","1nm","Linear","Removed","Post_processing","Radiance",0.772970830091709
"Barrow (Utqia_vik) Environmental Observatory","20160718","BNL2077","BNL2077","2077","CAAQ","SVC_HR-1024i","Fiber_1_LC_RP_Pro","Radiance","Percent_Reflectance_0_100","Leaf","Absolute","99AA10-0614-0827 SRS-99-020","1nm","Linear","Removed","Post_processing","Radiance",0.779837360644718
"Barrow (Utqia_vik) Environmental Observatory","20160718","BNL2103","BNL2103","2103","SAPU15","SVC_HR-1024i","Fiber_1_LC_RP_Pro","Radiance","Percent_Reflectance_0_100","Leaf","Absolute","99AA10-0614-0827 SRS-99-020","1nm","Linear","Removed","Post_processing","Radiance",0.960517536837555
"Barrow (Utqia_vik) Environmental Observatory","20160718","BNL2104","BNL2104","2104","SAPU15","SVC_HR-1024i","Fiber_1_LC_RP_Pro","Radiance","Percent_Reflectance_0_100","Leaf","Absolute","99AA10-0614-0827 SRS-99-020","1nm","Linear","Removed","Post_processing","Radiance",0.963455427527173
"Barrow (Utqia_vik) Environmental Observatory","20160718","BNL2105","BNL2105","2105","SAPU15","SVC_HR-1024i","Fiber_1_LC_RP_Pro","Radiance","Percent_Reflectance_0_100","Leaf","Absolute","99AA10-0614-0827 SRS-99-020","1nm","Linear","Removed","Post_processing","Radiance",0.949291167133853
"Barrow (Utqia_vik) Environmental Observatory","20160718","BNL2106","BNL2106","2106","SAPU15","SVC_HR-1024i","Fiber_1_LC_RP_Pro","Radiance","Percent_Reflectance_0_100","Leaf","Absolute","99AA10-0614-0827 SRS-99-020","1nm","Linear","Removed","Post_processing","Radiance",0.957354669417847
"Barrow (Utqia_vik) Environmental Observatory","20160718","BNL2107","BNL2107","2107","ARLA2","SVC_HR-1024i","Fiber_1_LC_RP_Pro","Radiance","Percent_Reflectance_0_100","Leaf","Absolute","99AA10-0614-0827 SRS-99-020","1nm","Linear","Removed","Post_processing","Radiance",0.883755018771488
"Barrow (Utqia_vik) Environmental Observatory","20160718","BNL2108","BNL2108","2108","ARLA2","SVC_HR-1024i","Fiber_1_LC_RP_Pro","Radiance","Percent_Reflectance_0_100","Leaf","Absolute","99AA10-0614-0827 SRS-99-020","1nm","Linear","Removed","Post_processing","Radiance",0.841584106085732
"Barrow (Utqia_vik) Environmental Observatory","20160718","BNL2109","BNL2109","2109","ARFU2","SVC_HR-1024i","Fiber_1_LC_RP_Pro","Radiance","Percent_Reflectance_0_100","Leaf","Absolute","99AA10-0614-0827 SRS-99-020","1nm","Linear","Removed","Post_processing","Radiance",0.839196499572906
"Barrow (Utqia_vik) Environmental Observatory","20160718","BNL2110","BNL2110","2110","ARFU2","SVC_HR-1024i","Fiber_1_LC_RP_Pro","Radiance","Percent_Reflectance_0_100","Leaf","Absolute","99AA10-0614-0827 SRS-99-020","1nm","Linear","Removed","Post_processing","Radiance",0.795159823776696
"Barrow (Utqia_vik) Environmental Observatory","20160718","BNL2111","BNL2111","2111","ARFU2","SVC_HR-1024i","Fiber_1_LC_RP_Pro","Radiance","Percent_Reflectance_0_100","Leaf","Absolute","99AA10-0614-0827 SRS-99-020","1nm","Linear","Removed","Post_processing","Radiance",0.796763780180348
"Barrow (Utqia_vik) Environmental Observatory","20160718","BNL2112","BNL2112","2112","ARFU2","SVC_HR-1024i","Fiber_1_LC_RP_Pro","Radiance","Percent_Reflectance_0_100","Leaf","Absolute","99AA10-0614-0827 SRS-99-020","1nm","Linear","Removed","Post_processing","Radiance",0.792036060335966
"Barrow (Utqia_vik) Environmental Observatory","20160718","BNL2113","BNL2113","2113","ARFU2","SVC_HR-1024i","Fiber_1_LC_RP_Pro","Radiance","Percent_Reflectance_0_100","Leaf","Absolute","99AA10-0614-0827 SRS-99-020","1nm","Linear","Removed","Post_processing","Radiance",0.843593417862957
"Barrow (Utqia_vik) Environmental Observatory","20160718","BNL2114","BNL2114","2114","ARFU2","SVC_HR-1024i","Fiber_1_LC_RP_Pro","Radiance","Percent_Reflectance_0_100","Leaf","Absolute","99AA10-0614-0827 SRS-99-020","1nm","Linear","Removed","Post_processing","Radiance",0.816279363040911
"Barrow (Utqia_vik) Environmental Observatory","20160718","BNL2115","BNL2115","2115","ARFU2","SVC_HR-1024i","Fiber_1_LC_RP_Pro","Radiance","Percent_Reflectance_0_100","Leaf","Absolute","99AA10-0614-0827 SRS-99-020","1nm","Linear","Removed","Post_processing","Radiance",0.844966092541299
"Barrow (Utqia_vik) Environmental Observatory","20160718","BNL2116","BNL2116","2116","ARFU2","SVC_HR-1024i","Fiber_1_LC_RP_Pro","Radiance","Percent_Reflectance_0_100","Leaf","Absolute","99AA10-0614-0827 SRS-99-020","1nm","Linear","Removed","Post_processing","Radiance",0.839796683083034
"Barrow (Utqia_vik) Environmental Observatory","20160718","BNL2117","BNL2117","2117","ARFU2","SVC_HR-1024i","Fiber_1_LC_RP_Pro","Radiance","Percent_Reflectance_0_100","Leaf","Absolute","99AA10-0614-0827 SRS-99-020","1nm","Linear","Removed","Post_processing","Radiance",0.837316260358277
"Barrow (Utqia_vik) Environmental Observatory","20160718","BNL2118","BNL2118","2118","ARFU2","SVC_HR-1024i","Fiber_1_LC_RP_Pro","Radiance","Percent_Reflectance_0_100","Leaf","Absolute","99AA10-0614-0827 SRS-99-020","1nm","Linear","Removed","Post_processing","Radiance",0.841365764364987
"Barrow (Utqia_vik) Environmental Observatory","20160718","BNL2123","BNL2123","2123","ARLA2","SVC_HR-1024i","Fiber_1_LC_RP_Pro","Radiance","Percent_Reflectance_0_100","Leaf","Absolute","99AA10-0614-0827 SRS-99-020","1nm","Linear","Removed","Post_processing","Radiance",0.817680579461557
"Barrow (Utqia_vik) Environmental Observatory","20160718","BNL2124","BNL2124","2124","ARLA2","SVC_HR-1024i","Fiber_1_LC_RP_Pro","Radiance","Percent_Reflectance_0_100","Leaf","Absolute","99AA10-0614-0827 SRS-99-020","1nm","Linear","Removed","Post_processing","Radiance",0.842027346058216
"Barrow (Utqia_vik) Environmental Observatory","20160718","BNL2125","BNL2125","2125","ARLA2","SVC_HR-1024i","Fiber_1_LC_RP_Pro","Radiance","Percent_Reflectance_0_100","Leaf","Absolute","99AA10-0614-0827 SRS-99-020","1nm","Linear","Removed","Post_processing","Radiance",0.886648495819814
"Barrow (Utqia_vik) Environmental Observatory","20160718","BNL2126","BNL2126","2126","ARLA2","SVC_HR-1024i","Fiber_1_LC_RP_Pro","Radiance","Percent_Reflectance_0_100","Leaf","Absolute","99AA10-0614-0827 SRS-99-020","1nm","Linear","Removed","Post_processing","Radiance",0.813544476839454
"Barrow (Utqia_vik) Environmental Observatory","20160718","BNL2149","BNL2149","2149","CAAQ","SVC_HR-1024i","Fiber_1_LC_RP_Pro","Radiance","Percent_Reflectance_0_100","Leaf","Absolute","99AA10-0614-0827 SRS-99-020","1nm","Linear","Removed","Post_processing","Radiance",0.753673732988721
"Barrow (Utqia_vik) Environmental Observatory","20160718","BNL2150","BNL2150","2150","CAAQ","SVC_HR-1024i","Fiber_1_LC_RP_Pro","Radiance","Percent_Reflectance_0_100","Leaf","Absolute","99AA10-0614-0827 SRS-99-020","1nm","Linear","Removed","Post_processing","Radiance",0.787325716641029
"Barrow (Utqia_vik) Environmental Observatory","20160719","BNL2141","BNL2141","2141","CAAQ","SVC_HR-1024i","Fiber_1_LC_RP_Pro","Radiance","Percent_Reflectance_0_100","Leaf","Absolute","99AA10-0614-0827 SRS-99-020","1nm","Linear","Removed","Post_processing","Radiance",0.830117064981509
"Barrow (Utqia_vik) Environmental Observatory","20160719","BNL2142","BNL2142","2142","CAAQ","SVC_HR-1024i","Fiber_1_LC_RP_Pro","Radiance","Percent_Reflectance_0_100","Leaf","Absolute","99AA10-0614-0827 SRS-99-020","1nm","Linear","Removed","Post_processing","Radiance",0.77261450289046
"Barrow (Utqia_vik) Environmental Observatory","20160719","BNL2143","BNL2143","2143","CAAQ","SVC_HR-1024i","Fiber_1_LC_RP_Pro","Radiance","Percent_Reflectance_0_100","Leaf","Absolute","99AA10-0614-0827 SRS-99-020","1nm","Linear","Removed","Post_processing","Radiance",0.719437679675751
"Barrow (Utqia_vik) Environmental Observatory","20160719","BNL2144","BNL2144","2144","CAAQ","SVC_HR-1024i","Fiber_1_LC_RP_Pro","Radiance","Percent_Reflectance_0_100","Leaf","Absolute","99AA10-0614-0827 SRS-99-020","1nm","Linear","Removed","Post_processing","Radiance",0.796689419857725
"Barrow (Utqia_vik) Environmental Observatory","20160719","BNL2145","BNL2145","2145","CAAQ","SVC_HR-1024i","Fiber_1_LC_RP_Pro","Radiance","Percent_Reflectance_0_100","Leaf","Absolute","99AA10-0614-0827 SRS-99-020","1nm","Linear","Removed","Post_processing","Radiance",0.756535048018568
"Barrow (Utqia_vik) Environmental Observatory","20160719","BNL2146","BNL2146","2146","CAAQ","SVC_HR-1024i","Fiber_1_LC_RP_Pro","Radiance","Percent_Reflectance_0_100","Leaf","Absolute","99AA10-0614-0827 SRS-99-020","1nm","Linear","Removed","Post_processing","Radiance",0.81561312318333
"Barrow (Utqia_vik) Environmental Observatory","20160719","BNL2147","BNL2147","2147","CAAQ","SVC_HR-1024i","Fiber_1_LC_RP_Pro","Radiance","Percent_Reflectance_0_100","Leaf","Absolute","99AA10-0614-0827 SRS-99-020","1nm","Linear","Removed","Post_processing","Radiance",0.762868575666259
"Barrow (Utqia_vik) Environmental Observatory","20160719","BNL2148","BNL2148","2148","PEFR5","SVC_HR-1024i","Fiber_1_LC_RP_Pro","Radiance","Percent_Reflectance_0_100","Leaf","Absolute","99AA10-0614-0827 SRS-99-020","1nm","Linear","Removed","Post_processing","Radiance",0.970888786395375
"Barrow (Utqia_vik) Environmental Observatory","20160719","BNL2155","BNL2155","2155","CAAQ","SVC_HR-1024i","Fiber_1_LC_RP_Pro","Radiance","Percent_Reflectance_0_100","Leaf","Absolute","99AA10-0614-0827 SRS-99-020","1nm","Linear","Removed","Post_processing","Radiance",0.755204922422176
"Barrow (Utqia_vik) Environmental Observatory","20160719","BNL2158","BNL2158","2158","CAAQ","SVC_HR-1024i","Fiber_1_LC_RP_Pro","Radiance","Percent_Reflectance_0_100","Leaf","Absolute","99AA10-0614-0827 SRS-99-020","1nm","Linear","Removed","Post_processing","Radiance",0.804575103407148
"Barrow (Utqia_vik) Environmental Observatory","20160719","BNL2159","BNL2159","2159","CAAQ","SVC_HR-1024i","Fiber_1_LC_RP_Pro","Radiance","Percent_Reflectance_0_100","Leaf","Absolute","99AA10-0614-0827 SRS-99-020","1nm","Linear","Removed","Post_processing","Radiance",0.814398588618037
"Barrow (Utqia_vik) Environmental Observatory","20160719","BNL2160","BNL2160","2160","PEFR5","SVC_HR-1024i","Fiber_1_LC_RP_Pro","Radiance","Percent_Reflectance_0_100","Leaf","Absolute","99AA10-0614-0827 SRS-99-020","1nm","Linear","Removed","Post_processing","Radiance",0.962234750101323
"Barrow (Utqia_vik) Environmental Observatory","20160719","BNL2161","BNL2161","2161","CAAQ","SVC_HR-1024i","Fiber_1_LC_RP_Pro","Radiance","Percent_Reflectance_0_100","Leaf","Absolute","99AA10-0614-0827 SRS-99-020","1nm","Linear","Removed","Post_processing","Radiance",0.792571806625124
"Barrow (Utqia_vik) Environmental Observatory","20160719","BNL2162","BNL2162","2162","CAAQ","SVC_HR-1024i","Fiber_1_LC_RP_Pro","Radiance","Percent_Reflectance_0_100","Leaf","Absolute","99AA10-0614-0827 SRS-99-020","1nm","Linear","Removed","Post_processing","Radiance",0.782733203293331
"Barrow (Utqia_vik) Environmental Observatory","20160719","BNL2163","BNL2163","2163","CAAQ","SVC_HR-1024i","Fiber_1_LC_RP_Pro","Radiance","Percent_Reflectance_0_100","Leaf","Absolute","99AA10-0614-0827 SRS-99-020","1nm","Linear","Removed","Post_processing","Radiance",0.773662326898467
"Barrow (Utqia_vik) Environmental Observatory","20160719","BNL2164","BNL2164","2164","PEFR5","SVC_HR-1024i","Fiber_1_LC_RP_Pro","Radiance","Percent_Reflectance_0_100","Leaf","Absolute","99AA10-0614-0827 SRS-99-020","1nm","Linear","Removed","Post_processing","Radiance",0.960012924761047
"Barrow (Utqia_vik) Environmental Observatory","20160719","BNL2165","BNL2165","2165","PEFR5","SVC_HR-1024i","Fiber_1_LC_RP_Pro","Radiance","Percent_Reflectance_0_100","Leaf","Absolute","99AA10-0614-0827 SRS-99-020","1nm","Linear","Removed","Post_processing","Radiance",0.943712694192451
"Barrow (Utqia_vik) Environmental Observatory","20160719","BNL2166","BNL2166","2166","PEFR5","SVC_HR-1024i","Fiber_1_LC_RP_Pro","Radiance","Percent_Reflectance_0_100","Leaf","Absolute","99AA10-0614-0827 SRS-99-020","1nm","Linear","Removed","Post_processing","Radiance",0.960130912970777
"Barrow (Utqia_vik) Environmental Observatory","20160719","BNL2167","BNL2167","2167","CAAQ","SVC_HR-1024i","Fiber_1_LC_RP_Pro","Radiance","Percent_Reflectance_0_100","Leaf","Absolute","99AA10-0614-0827 SRS-99-020","1nm","Linear","Removed","Post_processing","Radiance",0.783077212666377
"Barrow (Utqia_vik) Environmental Observatory","20160720","BNL2175","BNL2175","2175","ARLA2","SVC_HR-1024i","Fiber_1_LC_RP_Pro","Radiance","Percent_Reflectance_0_100","Leaf","Absolute","99AA10-0614-0827 SRS-99-020","1nm","Linear","Removed","Post_processing","Radiance",0.814149973109248
"Barrow (Utqia_vik) Environmental Observatory","20160720","BNL2176","BNL2176","2176","ARLA2","SVC_HR-1024i","Fiber_1_LC_RP_Pro","Radiance","Percent_Reflectance_0_100","Leaf","Absolute","99AA10-0614-0827 SRS-99-020","1nm","Linear","Removed","Post_processing","Radiance",0.882966395831985
"Barrow (Utqia_vik) Environmental Observatory","20160720","BNL2177","BNL2177","2177","ARLA2","SVC_HR-1024i","Fiber_1_LC_RP_Pro","Radiance","Percent_Reflectance_0_100","Leaf","Absolute","99AA10-0614-0827 SRS-99-020","1nm","Linear","Removed","Post_processing","Radiance",0.83458923387122
"Barrow (Utqia_vik) Environmental Observatory","20160720","BNL2182","BNL2182","2182","ARFU2","SVC_HR-1024i","Fiber_1_LC_RP_Pro","Radiance","Percent_Reflectance_0_100","Leaf","Absolute","99AA10-0614-0827 SRS-99-020","1nm","Linear","Removed","Post_processing","Radiance",0.849872550768725
"Barrow (Utqia_vik) Environmental Observatory","20160720","BNL2183","BNL2183","2183","ARFU2","SVC_HR-1024i","Fiber_1_LC_RP_Pro","Radiance","Percent_Reflectance_0_100","Leaf","Absolute","99AA10-0614-0827 SRS-99-020","1nm","Linear","Removed","Post_processing","Radiance",0.865205187133192
"Barrow (Utqia_vik) Environmental Observatory","20160720","BNL2184","BNL2184","2184","ARFU2","SVC_HR-1024i","Fiber_1_LC_RP_Pro","Radiance","Percent_Reflectance_0_100","Leaf","Absolute","99AA10-0614-0827 SRS-99-020","1nm","Linear","Removed","Post_processing","Radiance",0.842359235116854
"Barrow (Utqia_vik) Environmental Observatory","20160720","BNL2185","BNL2185","2185","ARFU2","SVC_HR-1024i","Fiber_1_LC_RP_Pro","Radiance","Percent_Reflectance_0_100","Leaf","Absolute","99AA10-0614-0827 SRS-99-020","1nm","Linear","Removed","Post_processing","Radiance",0.845577490139713
"Barrow (Utqia_vik) Environmental Observatory","20160720","BNL2186","BNL2186","2186","PEFR5","SVC_HR-1024i","Fiber_1_LC_RP_Pro","Radiance","Percent_Reflectance_0_100","Leaf","Absolute","99AA10-0614-0827 SRS-99-020","1nm","Linear","Removed","Post_processing","Radiance",0.956432621438442
"Barrow (Utqia_vik) Environmental Observatory","20160720","BNL2187","BNL2187","2187","ARFU2","SVC_HR-1024i","Fiber_1_LC_RP_Pro","Radiance","Percent_Reflectance_0_100","Leaf","Absolute","99AA10-0614-0827 SRS-99-020","1nm","Linear","Removed","Post_processing","Radiance",0.838070496151384
"Barrow (Utqia_vik) Environmental Observatory","20160720","BNL2193","BNL2193","2193","PEFR5","SVC_HR-1024i","Fiber_1_LC_RP_Pro","Radiance","Percent_Reflectance_0_100","Leaf","Absolute","99AA10-0614-0827 SRS-99-020","1nm","Linear","Removed","Post_processing","Radiance",0.956033218604223
